Table Number,Name,Description,Website,Category,Active,Notes
1,Indivisible Colorado Springs,Organizes local advocacy efforts to influence policy and elected officials through coordinated action.,https://indivisiblecoloradosprings.org/,Info,TRUE,
2,50501 Colorado Springs,Event organizers. Join us to say No Kings in Colorado Springs!,https://www.50501cos.com/nokings,Info,TRUE,
3,JustCOS,"JUSTCOS objective to engage in including, but not limited to promoting the social welfare of Colorado Springs by hosting community events, fostering civic engagement, and providing public education on civic issues.",https://linktr.ee/justcos,Org,TRUE,
4,Vista Grande,"Community coalition focused on equity, inclusion, and civic engagement in the Pikes Peak region.",https://www.vgbc.org/,Org,TRUE,
5,About Face,"Veterans speaking out on foreign policy and war, organizing for accountability and peace.",https://aboutfaceveterans.org/,Org,TRUE,
6,Progressive Veterans,Veterans advocating for rights and progressive values.,https://epccpv.org/,Org,TRUE,
7,hold,,,,FALSE,
8,COS Alliance Against Racist & Political Repression (COSAARPR),Grassroots organization fighting for community control of the police and Black liberation. Local branch of NAARPR.,https://www.cosaarpr.org/,Org,TRUE,
9,Freedom Road Socialist Organization (FRSO),A group of revolutionaries working to bring socialism to the United States.,https://www.instagram.com/frsocosprings/,Org,TRUE,
10,Resistance Singers,A group of singers to spread freedom via resistance songs. Contact us at ResistanceSingsCOS@proton.me,,Org,TRUE,
11,Notes of Dissent,Activist marching band! Dust off your old instrument and help us fight fascism with music!,https://notesofdissent.org/,Org,TRUE,
12,Colorado Springs Education Association,"The professional organization representing over 1,500 public school educators in Colorado Springs School District 11.",https://www.cseateacher.org/,Ballot Measures,TRUE,
13,New Era,Harnessing young people’s political power to co-create a Colorado that serves all people.,https://neweracolorado.org/,Ballot Measures,TRUE,
14,El Paso County Democrats,"Supporting candidates, voter outreach, and local political organizing.",https://epcodemparty.org/,Ballot Measures,TRUE,
15,Citizens Project,"Citizens Project is a fearless, bold advocate and engaging voice that empowers and challenges our entire community to embrace equity, inclusion and justice.",https://citizensproject.org/,Ballot Measures,TRUE,
16,Inside Out Youth Services,"We build access, equity, and power with LGBTQIA2+ youth, ages 13-24.",https://insideoutys.org/,Ballot Measures,TRUE,
17,hold,,,,FALSE,
18,Colorado Rapid Response Network (CORRN),Immigration and community support network.,https://coloradorapidresponsenetwork.com/,Ballot Measures,TRUE,
19,Migra Watch Colorado Springs,"Providing patrols, grocery delivery and general help to our immigrant neighbors.",https://www.facebook.com/profile.php?id=61587464622183,Ballot Measures,TRUE,
20,General Strike US,National effort building toward coordinated labor strikes and mass worker action across industries.,https://generalstrikeus.com/,Org,TRUE,
21,On the Corner 4 U,We organize the weekly protest at Jeff Crank's office. Come join us!,,Org,TRUE,
22,Book Exchange,"Bring a book and participate in a community exchange of information, knowledge and Resistance. ",,Org,TRUE,
23,Colorado Psychedelic Church,"Spiritual community centered on psychedelic healing, ceremony, and personal transformation.",https://www.coloradopsychedelicchurch.com/,Org,TRUE,
24,Indivisible Health,Organizes local advocacy efforts to influence policy and elected officials through coordinated action.,https://indivisiblecoloradosprings.org/,Org,TRUE,
25,No Appetite for Apartheid & Climbers Against Apartheid,Community members of Colorado Springs united against apartheid practices and for a free Palestine.,https://linktr.ee/cosNA4A,Org,TRUE,
26,hold,,,,FALSE,
27,hold,,,,FALSE,
28,hold,,,,FALSE,
29,hold,,,,FALSE,
30,hold,,,,FALSE,
31,hold,,,,FALSE,
32,Mutual Aid Collection by Migra Watch. ,"Providing patrols, grocery delivery and general help to our immigrant neighbors.",https://www.facebook.com/profile.php?id=61587464622183,Mutual Aid,TRUE,
33,hold,,,,FALSE,
34,hold,,,,FALSE,
35,hold,,,,FALSE,
36,hold,,,,FALSE,